INSERT INTO containers VALUES (93459315, 126, 4, 2.5, 12, 'Tesla', 'Warehouse Space Station', 13.2692, -38.9541);
INSERT INTO containers VALUES (93156489, 126, 4, 2.5, 12, 'MarsShip', 'Warehouse Space Station', 13.2692, -38.9541);
INSERT INTO containers VALUES (13354893, 73, 4, 2.5, 6, 'Space Invaders', 'Warehouse Space Station', 13.2692, -38.9541);
INSERT INTO containers VALUES (62586304, 73, 2, 2.5, 6, 'Dusty Depot', 'Mars Junkyard', -43.49134, 43.1234);
INSERT INTO containers VALUES (34895214, 73, 4, 2.5, 6, 'Dusty Depot', 'Warehouse Mining Colony', 59.3175, 53.1479);
INSERT INTO containers VALUES (48937893, 112, 4, 2.5, 9, 'Lightyear Industries', 'Warehouse Valles Marineris', 13.9643, -59.2345);
INSERT INTO containers VALUES (13579223, 126, 4, 2.5, 12, 'The Empire', 'Warehouse Olympus Mons', -67.1286, 23.4896);
INSERT INTO containers VALUES (89723165, 126, 4, 2.5, 12, 'Malien Postal Service', 'Warehouse Red Planet', -12.6348, -11.3648);
INSERT INTO containers VALUES (89421689, 112, 4, 2.5, 9, 'Rebel Inc.', 'Warehouse Red Planet', -12.6348, -11.3648);
INSERT INTO containers VALUES (48923100, 73, 4, 2.5, 6, 'E.T.echnology', 'Warehouse Olympus Mons', -67.1286, 23.4896);
INSERT INTO containers VALUES (97321469, 126, 4, 2.5, 12, 'The Axiom', 'Warehouse Mining Colony', 59.3175, 53.1479);
INSERT INTO pallets VALUES (85834521,0.8, 0.14, 1.2, 'Malien Postal Service', 'Warehouse Space Station', 13.2692, -38.9541);
INSERT INTO pallets VALUES (35779620,0.8, 0.14, 1.2, 'Rebel Inc', 'Mars Junkyard', -43.49134, 43.1234);
INSERT INTO pallets VALUES (74236312,0.8, 0.14, 1.2, 'The Axiom', 'Warehouse Red Planet', -12.6348, -11.3648);
INSERT INTO pallets VALUES (42215681,0.8, 0.14, 1.2, 'The Empire', 'Warehouse Valles Marineris', 13.9643, -59.2345);
INSERT INTO palletContents VALUES (85834521, 'Boxes of bananas', 5);
INSERT INTO palletContents VALUES (35779620, 'Crates of kryptonite', 15);
INSERT INTO containerContents VALUES (93459315, 'Glass window', 50);
INSERT INTO containerContents VALUES (93156489, 'Glasses', 30);
INSERT INTO containerContents VALUES (13354893, 'Crates with eatable insects', 800);
INSERT INTO containerContents VALUES (13354893, 'Monkeys', 9);
INSERT INTO containerContents VALUES (62586304, 'Tons of coal', 30);
INSERT INTO containerContents VALUES (62586304, 'Tons of iron', 20);
INSERT INTO containerContents VALUES (34895214, 'Uranium rods', 73);
INSERT INTO containerComments VALUES (93156489, 'Container is fragile');
INSERT INTO containerComments VALUES (93459315, 'Container is fragile');
INSERT INTO containerComments VALUES (93459315, 'Container contains living forms');
INSERT INTO containerComments VALUES (13354893, 'Container contains living forms');
INSERT INTO containerComments VALUES (62586304, 'Handle with caution');
INSERT INTO containerComments VALUES (34895214, 'Never open');
INSERT INTO containerComments VALUES (34895214, 'Damaged on left side');
INSERT INTO palletComments VALUES (85834521, 'Never open');
INSERT INTO palletComments VALUES (35779620, 'Damaged on left side');
INSERT INTO palletComments VALUES (35779620, 'Pallet contents are fragile');
INSERT INTO palletComments VALUES (74236312, 'Pallet contains living forms');
INSERT INTO palletComments VALUES (74236312, 'Handle with caution');
INSERT INTO palletComments VALUES (42215681, 'Pallet contains living forms');
