INSERT INTO containers VALUES (93459315, 126, 4, 2.5, 12, 'SpaceX', 'Warehouse Space Station', 13.2692, -38.9541);
INSERT INTO containers VALUES (13354893, 73, 4, 2.5, 6, 'SpaceInvaders', 'Warehouse Space Station', 13.2692, -38.9541);
INSERT INTO containers VALUES (62586304, 73, 2, 2.5, 6, 'Dusty Depot', 'Mars Junkyard', 13.2692, -38.9541);
INSERT INTO containers VALUES (34895214, 112, 4, 2.5, 9, 'Dusty Depot', 'Warehouse Space Station', 13.2692, -38.9541);
INSERT INTO pallets VALUES (85834521,0.8, 0.14, 1.2, 'SpaceX', 'Warehouse Space Station', 13.2692, -38.9541);
INSERT INTO pallets VALUES (35779620,0.8, 0.14, 1.2, 'Dusty Depot', 'Mars Junkyard', 13.2692, -38.9541);
INSERT INTO pallets VALUES (74236312,0.8, 0.14, 1.2, 'Dusty Depot', 'Warehouse Space Station', 13.2692, -38.9541);
INSERT INTO pallets VALUES (42215681,0.8, 0.14, 1.2, 'NASA', 'Warehouse Space Station', 13.2692, -38.9541);
INSERT INTO palletContents VALUES (85834521, 'Boxes of bananas', 5);
INSERT INTO palletContents VALUES (35779620, 'Crates of kryptonite', 15);
INSERT INTO containerContents VALUES (93459315, 'Glass window', 50);
INSERT INTO containerContents VALUES (13354893, 'Crates with eatable insects', 800);
INSERT INTO containerContents VALUES (13354893, 'Monkeys', 9);
INSERT INTO containerContents VALUES (62586304, 'Tons of coal', 30);
INSERT INTO containerContents VALUES (62586304, 'Tons of iron', 20);
INSERT INTO containerContents VALUES (34895214, 'Uranium rods', 73);
INSERT INTO containerComments VALUES (93459315, 'Container is fragile');
INSERT INTO containerComments VALUES (93459315, 'Container contains living forms');
INSERT INTO containerComments VALUES (13354893, 'Container contains living forms');
INSERT INTO containerComments VALUES (62586304, 'Handle with caution');
INSERT INTO containerComments VALUES (34895214, 'Never open');
INSERT INTO containerComments VALUES (34895214, 'Damaged on left side');
INSERT INTO palletComments VALUES (85834521, 'Never open');
INSERT INTO palletComments VALUES (35779620, 'Damaged on left side');
INSERT INTO palletComments VALUES (35779620, 'Pallet contents are fragile');
INSERT INTO palletComments VALUES (74236312, 'Pallet contains living forms');
INSERT INTO palletComments VALUES (74236312, 'Handle with caution');
INSERT INTO palletComments VALUES (42215681, 'Pallet contains living forms');
